<?xml version="1.0" encoding="UTF-8"?>
<!DOCTYPE mapper PUBLIC "-//mybatis.org//DTD Mapper 3.0//EN" "http://mybatis.org/dtd/mybatis-3-mapper.dtd">

<mapper namespace="com.stempleRun.db.mapper.ReviewBoardMapper">
	
	<!-- 목록 불러오기 -->
	<select id="getList" resultType="com.stempleRun.db.dto.ReviewBoardVO">
		select * from testtable
	</select>
	
	<!-- 게시글 자세히-->	
	<select id="reviewboardDetail" resultType="com.stempleRun.db.dto.ReviewBoardVO">
		SELECT
            *
        FROM testtable
        WHERE
            BNO = #{bno}
	</select>
	
	<!-- 게시글 작성 -->
	<insert id="reviewboardInsert" parameterType="com.stempleRun.db.dto.ReviewBoardVO">
        INSERT INTO
        testtable VALUES (#{bno}, #{title}, #{type}, #{writer}, null, null )
	</insert>
	
	<!-- 게시글 수정 -->
	<update id="reviewboardUpdate" parameterType="com.stempleRun.db.dto.ReviewBoardVO">
        UPDATE testtable
            SET
        <if test="title != null">
            title = #{title}
        </if>
        <if test="title != null and type != null"> , </if>
        <if test="type != null">
            type = #{type}
        </if>
        <if test="type != null and writer != null"> , </if>
        <if test="writer != null">
            writer = #{writer}
        </if>
        WHERE BNO = #{bno}
        <!-- 안되면 다른 수정사항 추가해야하는지 고려해야함 -->
	</update>
	
	<!-- 게시글 삭제 -->
	 <delete id="reviewboardDelete" parameterType="int">
        DELETE FROM testtable WHERE BNO = #{bno}
    </delete>

</mapper>